2005-01-01 05:00:00,2.0837553
2005-01-01 06:00:00,1.4657736
2005-01-01 07:00:00,1.441053
2005-01-01 08:00:00,1.2913494
2005-01-01 09:00:00,1.1401566
2005-01-01 10:00:00,1.0480483
2005-01-01 11:00:00,1.017357
2005-01-01 12:00:00,1.3983952
2005-01-01 13:00:00,2.0315847
2005-01-01 14:00:00,2.0893455
2005-01-01 15:00:00,2.302982
2005-01-01 16:00:00,2.1953301
2005-01-01 17:00:00,2.102027
2005-01-01 18:00:00,2.771015
2005-01-01 19:00:00,4.420057
2005-01-01 20:00:00,3.7748594
2005-01-01 21:00:00,2.6111004
2005-01-01 22:00:00,2.3179996
2005-01-01 23:00:00,2.100835
2005-01-02,1.7209688
2005-01-02 01:00:00,1.7448167
2005-01-02 02:00:00,1.6218462
2005-01-02 03:00:00,1.4346871
2005-01-02 03:00:00,1.4346871
2005-01-02 05:00:00,1.2313216
2005-01-02 06:00:00,1.1337428
2005-01-02 07:00:00,1.0412287
2005-01-02 08:00:00,0.9508666
2005-01-02 09:00:00,1.0492349
2005-01-02 10:00:00,1.2267827
2005-01-02 11:00:00,1.3793135
2005-01-02 12:00:00,1.9929245
2005-01-02 13:00:00,2.062068
2005-01-02 14:00:00,2.6140924
2005-01-02 15:00:00,2.238032
2005-01-02 16:00:00,1.59578
2005-01-02 17:00:00,2.3184283
2005-01-02 18:00:00,2.47051
2005-01-02 19:00:00,2.6878564
2005-01-02 20:00:00,2.8598127
2005-01-02 21:00:00,3.2342978
2005-01-02 21:00:00,3.2342978
2005-01-02 21:00:00,3.2342978
2005-01-02 21:00:00,3.2342978
2005-01-02 21:00:00,3.2342978
2005-01-02 21:00:00,3.2342978
2005-01-02 21:00:00,3.2342978
2005-01-02 21:00:00,3.2342978
2005-01-02 21:00:00,3.2342978
2005-01-02 21:00:00,3.2342978
2005-01-02 21:00:00,3.2342978
2005-01-02 21:00:00,3.2342978
2005-01-02 21:00:00,3.2342978
2005-01-02 21:00:00,3.2342978
2005-01-02 21:00:00,3.2342978
2005-01-02 21:00:00,3.2342978
2005-01-02 21:00:00,3.2342978
2005-01-02 21:00:00,3.2342978
2005-01-02 21:00:00,3.2342978
2005-01-02 21:00:00,3.2342978
2005-01-02 21:00:00,3.2342978
2005-01-02 21:00:00,3.2342978
2005-01-02 21:00:00,3.2342978
2005-01-02 21:00:00,3.2342978
2005-01-02 21:00:00,3.2342978
2005-01-02 21:00:00,3.2342978
2005-01-02 21:00:00,3.2342978
2005-01-02 21:00:00,3.2342978
2005-01-02 21:00:00,3.2342978
2005-01-02 21:00:00,3.2342978
2005-01-02 21:00:00,3.2342978
2005-01-02 21:00:00,3.2342978
2005-01-02 21:00:00,3.2342978
2005-01-02 21:00:00,3.2342978
2005-01-02 21:00:00,3.2342978
2005-01-02 21:00:00,3.2342978
2005-01-02 21:00:00,3.2342978
2005-01-02 21:00:00,3.2342978
2005-01-02 21:00:00,3.2342978
2005-01-02 21:00:00,3.2342978
2005-01-02 21:00:00,3.2342978
2005-01-02 21:00:00,3.2342978
2005-01-02 21:00:00,3.2342978
2005-01-02 21:00:00,3.2342978
2005-01-02 21:00:00,3.2342978
2005-01-02 21:00:00,3.2342978
2005-01-02 21:00:00,3.2342978
2005-01-02 21:00:00,3.2342978
2005-01-02 21:00:00,3.2342978
2005-01-02 21:00:00,3.2342978
2005-01-02 21:00:00,3.2342978
2005-01-02 21:00:00,3.2342978
2005-01-02 21:00:00,3.2342978
2005-01-05 02:00:00,1.6427488
2005-01-05 03:00:00,1.8068762
2005-01-05 03:00:00,1.8068762
2005-01-05 05:00:00,1.9758621
2005-01-05 06:00:00,1.6910862
2005-01-05 07:00:00,1.7430474
2005-01-05 08:00:00,2.011598
2005-01-05 09:00:00,3.2819088
2005-01-05 10:00:00,4.3793745
2005-01-05 11:00:00,4.7040596
2005-01-05 12:00:00,5.159241
2005-01-05 13:00:00,5.651814
2005-01-05 14:00:00,6.0453973
2005-01-05 15:00:00,3.3268273
2005-01-05 16:00:00,2.9404678
2005-01-05 17:00:00,2.6824503
2005-01-05 18:00:00,2.7742689
2005-01-05 19:00:00,2.7294757
2005-01-05 20:00:00,2.9862423
2005-01-05 21:00:00,3.2885582
2005-01-05 22:00:00,2.817609
2005-01-05 23:00:00,2.3644571
2005-01-06,1.5472418
2005-01-06 01:00:00,1.4717951
2005-01-06 02:00:00,1.6161815
2005-01-06 03:00:00,1.5579661
2005-01-06 03:00:00,1.5579661
2005-01-06 03:00:00,1.5579661
2005-01-06 03:00:00,1.5579661
2005-01-06 03:00:00,1.5579661
2005-01-06 03:00:00,1.5579661
2005-01-06 09:00:00,0.8369387
2005-01-06 10:00:00,1.2878147
2005-01-06 11:00:00,1.4130685
2005-01-06 12:00:00,1.491674
2005-01-06 13:00:00,1.5093607
2005-01-06 14:00:00,1.7358958
2005-01-06 15:00:00,1.698441
2005-01-06 16:00:00,1.5445454
2005-01-06 17:00:00,1.7372916
2005-01-06 18:00:00,1.8604392
2005-01-06 19:00:00,2.0948393
2005-01-06 20:00:00,2.4676602
2005-01-06 21:00:00,2.6509206
2005-01-06 22:00:00,2.4266856
2005-01-06 23:00:00,1.5476631
2005-01-07,1.5830371
2005-01-07 01:00:00,1.3841819
2005-01-07 02:00:00,1.3852764
2005-01-07 03:00:00,1.2028755
2005-01-07 03:00:00,1.2028755
2005-01-07 05:00:00,0.96805006
2005-01-07 06:00:00,0.70416546
2005-01-07 07:00:00,0.6234707
2005-01-07 08:00:00,0.7901364
2005-01-07 09:00:00,1.4744939
2005-01-07 10:00:00,2.871075
2005-01-07 11:00:00,2.4563086
2005-01-07 12:00:00,2.2672312
2005-01-07 13:00:00,2.4589405
2005-01-07 14:00:00,2.455777
2005-01-07 15:00:00,2.9342668
2005-01-07 16:00:00,3.0958915
2005-01-07 17:00:00,3.6691701
2005-01-07 18:00:00,3.6315238
2005-01-07 19:00:00,4.5903697
2005-01-07 20:00:00,5.266417
2005-01-07 21:00:00,5.281862
2005-01-07 22:00:00,4.7526402
2005-01-07 23:00:00,4.1256332
2005-01-08,3.5380692
2005-01-08 01:00:00,3.4850357
2005-01-08 02:00:00,2.5807664
2005-01-08 03:00:00,1.4194316
2005-01-08 03:00:00,1.4194316
2005-01-08 05:00:00,1.1831013
2005-01-08 06:00:00,1.1278881
2005-01-08 07:00:00,1.1101685
2005-01-08 08:00:00,1.165254
2005-01-08 09:00:00,1.708147
2005-01-08 10:00:00,3.2177289
2005-01-08 11:00:00,2.9962077
2005-01-08 12:00:00,2.6161072
2005-01-08 13:00:00,2.6467314
2005-01-08 14:00:00,2.7425964
2005-01-08 15:00:00,3.3631184
2005-01-08 16:00:00,3.205564
2005-01-08 17:00:00,3.955536
2005-01-08 18:00:00,4.334878
2005-01-08 19:00:00,4.3524237
2005-01-08 20:00:00,4.214642
2005-01-08 21:00:00,4.84483
2005-01-08 22:00:00,3.6137187
2005-01-08 23:00:00,2.8084204
2005-01-09,1.6384327
2005-01-09 01:00:00,1.5559766
2005-01-09 02:00:00,1.5579661
2005-01-09 03:00:00,1.3829393
2005-01-09 03:00:00,1.3829393
2005-01-09 03:00:00,1.3829393
2005-01-09 03:00:00,1.3829393
2005-01-09 03:00:00,1.3829393
2005-01-09 03:00:00,1.3829393
2005-01-09 09:00:00,0.5589909
2005-01-09 10:00:00,0.66913414
2005-01-09 11:00:00,0.80148053
2005-01-09 12:00:00,1.3174586
2005-01-09 13:00:00,1.6497105
2005-01-09 14:00:00,1.8840537
2005-01-09 15:00:00,2.1093466
2005-01-09 16:00:00,3.4900444
2005-01-09 17:00:00,2.5752878
2005-01-09 18:00:00,1.9095718
2005-01-09 19:00:00,3.0110235
2005-01-09 20:00:00,2.680913
2005-01-09 21:00:00,2.635374
2005-01-09 22:00:00,2.4269547
2005-01-09 23:00:00,1.5954239
2005-01-10,1.7245148
2005-01-10 01:00:00,1.910427
2005-01-10 02:00:00,1.7168382
2005-01-10 03:00:00,1.3180977
2005-01-10 03:00:00,1.3180977
2005-01-10 05:00:00,0.6478443
2005-01-10 05:00:00,0.6478443
2005-01-10 05:00:00,0.6478443
2005-01-10 05:00:00,0.6478443
2005-01-10 05:00:00,0.6478443
2005-01-10 05:00:00,0.6478443
2005-01-10 11:00:00,2.556826
2005-01-10 12:00:00,2.0061798
2005-01-10 13:00:00,1.7996424
2005-01-10 14:00:00,2.4096222
2005-01-10 15:00:00,2.579746
2005-01-10 16:00:00,2.4407663
2005-01-10 17:00:00,2.3091903
2005-01-10 18:00:00,1.9798534
2005-01-10 19:00:00,1.9725846
2005-01-10 20:00:00,2.8453279
2005-01-10 21:00:00,3.1860235
2005-01-10 22:00:00,3.3237312
2005-01-10 23:00:00,2.826897
2005-01-11,1.8029337
2005-01-11 01:00:00,1.7916783
2005-01-11 02:00:00,1.5736921
2005-01-11 03:00:00,1.2463207
2005-01-11 03:00:00,1.2463207
2005-01-11 05:00:00,0.7498232
2005-01-11 06:00:00,0.6585862
2005-01-11 07:00:00,0.76393336
2005-01-11 08:00:00,1.1502186
2005-01-11 09:00:00,3.1879926
2005-01-11 10:00:00,4.943785
2005-01-11 11:00:00,4.075663
2005-01-11 12:00:00,3.2793853
2005-01-11 13:00:00,3.26724
2005-01-11 14:00:00,3.1146739
2005-01-11 15:00:00,3.4620852
2005-01-11 16:00:00,3.3202379
2005-01-11 17:00:00,3.745148
2005-01-11 18:00:00,3.5323644
2005-01-11 19:00:00,3.9466124
2005-01-11 20:00:00,3.6604676
2005-01-11 21:00:00,4.4898043
2005-01-11 22:00:00,4.1213956
2005-01-11 23:00:00,3.5083547
2005-01-12,3.4608147
2005-01-12 01:00:00,1.3123816
2005-01-12 02:00:00,1.7412214
2005-01-12 03:00:00,1.9878465
2005-01-12 03:00:00,1.9878465
2005-01-12 03:00:00,1.9878465
2005-01-12 03:00:00,1.9878465
2005-01-12 03:00:00,1.9878465
2005-01-12 03:00:00,1.9878465
2005-01-12 09:00:00,3.891213
2005-01-12 10:00:00,4.182262
2005-01-12 11:00:00,4.243695
2005-01-12 12:00:00,3.7364714
2005-01-12 13:00:00,3.7645206
2005-01-12 14:00:00,3.661912
2005-01-12 15:00:00,3.3035495
2005-01-12 16:00:00,3.3407645
2005-01-12 17:00:00,3.2533827
2005-01-12 18:00:00,3.356777
2005-01-12 19:00:00,4.6076417
2005-01-12 20:00:00,5.2600894
2005-01-12 21:00:00,5.329882
2005-01-12 22:00:00,5.7858577
2005-01-12 23:00:00,3.929704
2005-01-13,2.9271226
2005-01-13 01:00:00,2.7908154
2005-01-13 02:00:00,2.6118057
2005-01-13 03:00:00,1.7321714
2005-01-13 03:00:00,1.7321714
2005-01-13 05:00:00,1.2635988
2005-01-13 06:00:00,0.90520245
2005-01-13 07:00:00,0.9289165
2005-01-13 08:00:00,1.3156588
2005-01-13 09:00:00,2.9200597
2005-01-13 10:00:00,4.0006466
2005-01-13 11:00:00,3.72938
2005-01-13 12:00:00,3.6794817
2005-01-13 13:00:00,3.322261
2005-01-13 14:00:00,2.371531
2005-01-13 15:00:00,2.2548952
2005-01-13 16:00:00,2.5703464
2005-01-13 17:00:00,2.5715904
2005-01-13 18:00:00,3.4969902
2005-01-13 19:00:00,4.5802226
2005-01-13 20:00:00,4.150925
2005-01-13 21:00:00,3.1278203
2005-01-13 22:00:00,3.2580175
2005-01-13 23:00:00,2.1430154
2005-01-14,1.7544594
2005-01-14 01:00:00,2.4037974
2005-01-14 02:00:00,2.0073786
2005-01-14 03:00:00,1.3591789
2005-01-14 03:00:00,1.3591789
2005-01-14 05:00:00,1.0604297
2005-01-14 06:00:00,1.3451155
2005-01-14 07:00:00,1.2891395
2005-01-14 08:00:00,1.3279111
2005-01-14 09:00:00,5.1468506
2005-01-14 10:00:00,4.384385
2005-01-14 11:00:00,4.046247
2005-01-14 12:00:00,3.8660789
2005-01-14 13:00:00,3.2745404
2005-01-14 14:00:00,3.2931864
2005-01-14 15:00:00,3.1320398
2005-01-14 16:00:00,2.853602
2005-01-14 17:00:00,3.2767174
2005-01-14 18:00:00,4.611656
2005-01-14 19:00:00,5.0227504
2005-01-14 20:00:00,5.4950356
2005-01-14 21:00:00,5.789845
2005-01-14 22:00:00,5.072335
2005-01-14 23:00:00,2.428659
2005-01-15,1.7839218
2005-01-15 01:00:00,2.0350764
2005-01-15 02:00:00,2.0996852
2005-01-15 03:00:00,2.063629
2005-01-15 03:00:00,2.063629
2005-01-15 03:00:00,2.063629
2005-01-15 03:00:00,2.063629
2005-01-15 03:00:00,2.063629
2005-01-15 03:00:00,2.063629
2005-01-15 09:00:00,1.6618475
2005-01-15 10:00:00,2.3205118
2005-01-15 11:00:00,2.504495
2005-01-15 12:00:00,2.437528
2005-01-15 13:00:00,2.5445623
2005-01-15 14:00:00,2.9712744
2005-01-15 15:00:00,3.8657813
2005-01-15 16:00:00,3.2147217
2005-01-15 17:00:00,3.0011609
2005-01-15 18:00:00,3.0303013
2005-01-15 19:00:00,3.4347253
2005-01-15 20:00:00,4.743831
2005-01-15 21:00:00,3.7506912
2005-01-15 22:00:00,3.4290736
2005-01-15 23:00:00,2.6826043
2005-01-16,2.7833452
2005-01-16 01:00:00,3.567256
2005-01-16 02:00:00,3.4605582
2005-01-16 03:00:00,2.284033
2005-01-16 03:00:00,2.284033
2005-01-16 05:00:00,1.6611599
2005-01-16 06:00:00,1.4469674
2005-01-16 07:00:00,1.242092
2005-01-16 08:00:00,1.213102
2005-01-16 09:00:00,1.281562
2005-01-16 10:00:00,1.4981731
2005-01-16 11:00:00,1.1125813
2005-01-16 12:00:00,0.990371
2005-01-16 13:00:00,0.8401555
2005-01-16 14:00:00,0.88051623
2005-01-16 15:00:00,0.81679684
2005-01-16 16:00:00,0.718451
2005-01-16 17:00:00,0.8369387
2005-01-16 18:00:00,1.1124833
2005-01-16 19:00:00,1.1324755
2005-01-16 20:00:00,1.5575342
2005-01-16 21:00:00,2.0580363
2005-01-16 22:00:00,1.5445248
2005-01-16 23:00:00,1.206405
2005-01-17,1.3231285
2005-01-17 01:00:00,1.3134391
2005-01-17 02:00:00,1.2359506
2005-01-17 03:00:00,1.052392
2005-01-17 03:00:00,1.052392
2005-01-17 05:00:00,0.6234707
2005-01-17 06:00:00,0.6057661
2005-01-17 07:00:00,0.5906745
2005-01-17 08:00:00,0.8577301
2005-01-17 09:00:00,3.0849314
2005-01-17 10:00:00,3.85752
2005-01-17 11:00:00,3.3156216
2005-01-17 12:00:00,3.599824
2005-01-17 13:00:00,2.8444016
2005-01-17 14:00:00,3.0103152
2005-01-17 15:00:00,3.083042
2005-01-17 16:00:00,3.1627936
2005-01-17 17:00:00,3.2289722
2005-01-17 18:00:00,3.8952377
2005-01-17 19:00:00,7.591425
2005-01-17 20:00:00,8.27959
2005-01-17 21:00:00,4.6080194
2005-01-17 22:00:00,3.3973005
2005-01-17 23:00:00,1.9339049
2005-01-18,1.8982767
2005-01-18 01:00:00,1.6356237
2005-01-18 02:00:00,1.4274411
2005-01-18 03:00:00,1.0601194
2005-01-18 03:00:00,1.0601194
2005-01-18 03:00:00,1.0601194
2005-01-18 03:00:00,1.0601194
2005-01-18 03:00:00,1.0601194
2005-01-18 03:00:00,1.0601194
2005-01-18 09:00:00,2.892126
2005-01-18 10:00:00,5.0238376
2005-01-18 11:00:00,5.266658
2005-01-18 12:00:00,4.288367
2005-01-18 13:00:00,3.8233705
2005-01-18 14:00:00,4.6715484
2005-01-18 15:00:00,5.047877
2005-01-18 16:00:00,4.6841993
2005-01-18 17:00:00,4.8092074
2005-01-18 18:00:00,4.9257174
2005-01-18 19:00:00,4.8830495
2005-01-18 20:00:00,5.1241045
2005-01-18 21:00:00,4.5291986
2005-01-18 22:00:00,2.206191
2005-01-18 23:00:00,0.9769624
2005-01-19,0.43481582
2005-01-19 01:00:00,0.4756254
2005-01-19 02:00:00,0.79422575
2005-01-19 03:00:00,0.6161999
2005-01-19 03:00:00,0.6161999
2005-01-19 03:00:00,0.6161999
2005-01-19 03:00:00,0.6161999
2005-01-19 03:00:00,0.6161999
2005-01-19 03:00:00,0.6161999
2005-01-19 03:00:00,0.6161999
2005-01-19 03:00:00,0.6161999
2005-01-19 11:00:00,0.67536485
2005-01-19 11:00:00,0.67536485
2005-01-19 11:00:00,0.67536485
2005-01-19 11:00:00,0.67536485
2005-01-19 11:00:00,0.67536485
2005-01-19 11:00:00,0.67536485
2005-01-19 17:00:00,0.3560486
2005-01-19 18:00:00,0.43491146
2005-01-19 19:00:00,1.2128088
2005-01-19 20:00:00,1.8835964
2005-01-19 21:00:00,2.1224763
2005-01-19 22:00:00,2.500762
2005-01-19 23:00:00,1.1434381
2005-01-20,1.0641437
2005-01-20 01:00:00,1.5710195
2005-01-20 02:00:00,1.23633
2005-01-20 03:00:00,0.8722285
2005-01-20 03:00:00,0.8722285
2005-01-20 05:00:00,0.62442887
2005-01-20 06:00:00,0.5875126
2005-01-20 07:00:00,0.7320483
2005-01-20 08:00:00,0.89443505
2005-01-20 09:00:00,3.337716
2005-01-20 10:00:00,3.8309402
2005-01-20 11:00:00,4.1705885
2005-01-20 12:00:00,3.0810175
2005-01-20 13:00:00,2.6589746
2005-01-20 14:00:00,2.5492024
2005-01-20 15:00:00,2.9509873
2005-01-20 16:00:00,2.4770992
2005-01-20 17:00:00,2.8682444
2005-01-20 18:00:00,4.2214622
2005-01-20 19:00:00,5.2864285
2005-01-20 20:00:00,4.8913465
2005-01-20 21:00:00,3.295128
2005-01-20 22:00:00,2.9030313
2005-01-20 23:00:00,2.2230606
2005-01-21,1.6987879
2005-01-21 01:00:00,1.7448167
2005-01-21 02:00:00,1.6218462
2005-01-21 03:00:00,1.4685763
2005-01-21 03:00:00,1.4685763
2005-01-21 03:00:00,1.4685763
2005-01-21 03:00:00,1.4685763
2005-01-21 03:00:00,1.4685763
2005-01-21 03:00:00,1.4685763
2005-01-21 09:00:00,4.3129044
2005-01-21 10:00:00,5.130805
2005-01-21 11:00:00,4.783034
2005-01-21 12:00:00,4.5141177
2005-01-21 13:00:00,4.4523854
2005-01-21 14:00:00,4.6046696
2005-01-21 15:00:00,3.1199775
2005-01-21 16:00:00,2.9734874
2005-01-21 17:00:00,3.271433
2005-01-21 18:00:00,1.5364532
2005-01-21 19:00:00,1.8884288
2005-01-21 20:00:00,1.8155035
2005-01-21 21:00:00,4.3681335
2005-01-21 22:00:00,6.0412016
2005-01-21 23:00:00,3.9946022
2005-01-22,2.3472152
2005-01-22 01:00:00,2.0136323
2005-01-22 02:00:00,1.7703651
2005-01-22 03:00:00,1.3814554
2005-01-22 03:00:00,1.3814554
2005-01-22 05:00:00,0.60141987
2005-01-22 06:00:00,0.6688902
2005-01-22 07:00:00,0.6574194
2005-01-22 08:00:00,0.53762364
2005-01-22 09:00:00,0.5869574
2005-01-22 10:00:00,1.0478504
2005-01-22 11:00:00,1.3566031
2005-01-22 12:00:00,1.4352953
2005-01-22 13:00:00,1.1253934
2005-01-22 14:00:00,1.027908
2005-01-22 15:00:00,1.0630262
2005-01-22 16:00:00,0.5638478
2005-01-22 16:00:00,0.5638478
2005-01-22 16:00:00,0.5638478
2005-01-22 16:00:00,0.5638478
2005-01-22 16:00:00,0.5638478
2005-01-22 16:00:00,0.5638478
2005-01-22 22:00:00,2.2492115
2005-01-22 23:00:00,2.2887967
2005-01-23,1.361627
2005-01-23 01:00:00,0.91724104
2005-01-23 01:00:00,0.91724104
2005-01-23 01:00:00,0.91724104
2005-01-23 01:00:00,0.91724104
2005-01-23 01:00:00,0.91724104
2005-01-23 01:00:00,0.91724104
2005-01-23 01:00:00,0.91724104
2005-01-23 01:00:00,0.91724104
2005-01-23 01:00:00,0.91724104
2005-01-23 01:00:00,0.91724104
2005-01-23 01:00:00,0.91724104
2005-01-23 01:00:00,0.91724104
2005-01-23 01:00:00,0.91724104
2005-01-23 01:00:00,0.91724104
2005-01-23 01:00:00,0.91724104
2005-01-23 01:00:00,0.91724104
2005-01-23 01:00:00,0.91724104
2005-01-23 01:00:00,0.91724104
2005-01-23 01:00:00,0.91724104
2005-01-23 01:00:00,0.91724104
2005-01-23 01:00:00,0.91724104
2005-01-23 01:00:00,0.91724104
2005-01-23 01:00:00,0.91724104
2005-01-23 01:00:00,0.91724104
2005-01-23 01:00:00,0.91724104
2005-01-23 01:00:00,0.91724104
2005-01-23 01:00:00,0.91724104
2005-01-23 01:00:00,0.91724104
2005-01-23 01:00:00,0.91724104
2005-01-23 01:00:00,0.91724104
2005-01-23 01:00:00,0.91724104
2005-01-23 01:00:00,0.91724104
2005-01-24 09:00:00,1.408147
2005-01-24 10:00:00,1.8621111
2005-01-24 11:00:00,1.4902834
2005-01-24 12:00:00,0.7224264
2005-01-24 13:00:00,0.53569216
2005-01-24 14:00:00,0.61413807
2005-01-24 14:00:00,0.61413807
2005-01-24 16:00:00,0.89939326
2005-01-24 17:00:00,1.2183594
2005-01-24 18:00:00,1.1039715
2005-01-24 19:00:00,1.2477546
2005-01-24 20:00:00,1.3810565
2005-01-24 21:00:00,1.2437667
2005-01-24 22:00:00,0.56673133
2005-01-24 22:00:00,0.56673133
2005-01-24 22:00:00,0.56673133
2005-01-24 22:00:00,0.56673133
2005-01-24 22:00:00,0.56673133
2005-01-24 22:00:00,0.56673133
2005-01-24 22:00:00,0.56673133
2005-01-24 22:00:00,0.56673133
2005-01-24 22:00:00,0.56673133
2005-01-24 22:00:00,0.56673133
2005-01-24 22:00:00,0.56673133
2005-01-24 22:00:00,0.56673133
2005-01-24 22:00:00,0.56673133
2005-01-24 22:00:00,0.56673133
2005-01-25 12:00:00,0.49635538
2005-01-25 13:00:00,0.38393876
2005-01-25 14:00:00,0.3509134
2005-01-25 15:00:00,0.3509134
2005-01-25 16:00:00,0.3420329
2005-01-25 17:00:00,0.3419081
2005-01-25 18:00:00,0.3419081
2005-01-25 19:00:00,0.5241035
2005-01-25 20:00:00,0.8087869
2005-01-25 21:00:00,1.000658
2005-01-25 22:00:00,0.61319536
2005-01-25 23:00:00,0.37336925
2005-01-25 23:00:00,0.37336925
2005-01-25 23:00:00,0.37336925
2005-01-25 23:00:00,0.37336925
2005-01-25 23:00:00,0.37336925
2005-01-25 23:00:00,0.37336925
2005-01-25 23:00:00,0.37336925
2005-01-25 23:00:00,0.37336925
2005-01-25 23:00:00,0.37336925
2005-01-25 23:00:00,0.37336925
2005-01-25 23:00:00,0.37336925
2005-01-25 23:00:00,0.37336925
2005-01-25 23:00:00,0.37336925
2005-01-26 12:00:00,0.363591
2005-01-26 13:00:00,0.29852098
2005-01-26 14:00:00,0.3075263
2005-01-26 15:00:00,0.32054797
2005-01-26 16:00:00,0.3991488
2005-01-26 17:00:00,0.3350083
2005-01-26 18:00:00,0.3420329
2005-01-26 19:00:00,0.59079343
2005-01-26 20:00:00,1.083211
2005-01-26 21:00:00,1.2404572
2005-01-26 22:00:00,1.154383
2005-01-26 23:00:00,0.5622908
2005-01-27,0.42168412
2005-01-27 01:00:00,0.29852098
2005-01-27 02:00:00,0.3075263
2005-01-27 03:00:00,0.3075263
2005-01-27 03:00:00,0.3075263
2005-01-27 03:00:00,0.3075263
2005-01-27 03:00:00,0.3075263
2005-01-27 03:00:00,0.3075263
2005-01-27 03:00:00,0.3075263
2005-01-27 09:00:00,1.6076326
2005-01-27 10:00:00,2.1106613
2005-01-27 11:00:00,1.9931778
2005-01-27 12:00:00,1.3255779
2005-01-27 13:00:00,1.0074658
2005-01-27 14:00:00,1.1210244
2005-01-27 15:00:00,1.2881964
2005-01-27 16:00:00,1.2697122
2005-01-27 17:00:00,1.3449571
2005-01-27 18:00:00,1.378075
2005-01-27 19:00:00,1.8183298
2005-01-27 20:00:00,2.3441017
2005-01-27 21:00:00,2.816679
2005-01-27 22:00:00,2.1079972
2005-01-27 23:00:00,1.4826521
2005-01-28,1.3642433
2005-01-28 01:00:00,1.194784
2005-01-28 02:00:00,1.0984604
2005-01-28 03:00:00,0.94440204
2005-01-28 03:00:00,0.94440204
2005-01-28 05:00:00,0.63265914
2005-01-28 06:00:00,0.57485235
2005-01-28 07:00:00,0.5468237
2005-01-28 08:00:00,0.66913414
2005-01-28 09:00:00,1.3247505
2005-01-28 10:00:00,1.9296829
2005-01-28 11:00:00,1.7289116
2005-01-28 12:00:00,1.5693821
2005-01-28 13:00:00,1.6405215
2005-01-28 14:00:00,1.4431076
2005-01-28 15:00:00,1.7944129
2005-01-28 16:00:00,1.6432886
2005-01-28 17:00:00,1.3460273
2005-01-28 17:00:00,1.3460273
2005-01-28 17:00:00,1.3460273
2005-01-28 17:00:00,1.3460273
2005-01-28 17:00:00,1.3460273
2005-01-28 17:00:00,1.3460273
2005-01-28 17:00:00,1.3460273
2005-01-28 17:00:00,1.3460273
2005-01-28 17:00:00,1.3460273
2005-01-28 17:00:00,1.3460273
2005-01-29 03:00:00,0.78738225
2005-01-29 03:00:00,0.78738225
2005-01-29 05:00:00,0.5560156
2005-01-29 06:00:00,0.51108795
2005-01-29 07:00:00,0.46451482
2005-01-29 08:00:00,0.46451482
2005-01-29 09:00:00,0.5991246
2005-01-29 10:00:00,0.84404236
2005-01-29 11:00:00,1.0476428
2005-01-29 12:00:00,0.99414176
2005-01-29 13:00:00,0.99414176
2005-01-29 14:00:00,0.99414176
2005-01-29 15:00:00,1.1203084
2005-01-29 16:00:00,0.9692071
2005-01-29 17:00:00,1.0860475
2005-01-29 18:00:00,1.2267827
2005-01-29 19:00:00,1.2497735
2005-01-29 20:00:00,1.2698269
2005-01-29 21:00:00,1.291548
2005-01-29 22:00:00,1.4042902
2005-01-29 23:00:00,1.0956686
2005-01-30,1.027908
2005-01-30 01:00:00,1.0120549
2005-01-30 02:00:00,1.2052327
2005-01-30 03:00:00,1.0918044
2005-01-30 03:00:00,1.0918044
2005-01-30 03:00:00,1.0918044
2005-01-30 03:00:00,1.0918044
2005-01-30 03:00:00,1.0918044
2005-01-30 03:00:00,1.0918044
2005-01-30 09:00:00,0.46451482
2005-01-30 10:00:00,0.5506905
2005-01-30 11:00:00,0.7287473
2005-01-30 12:00:00,0.76316607
2005-01-30 13:00:00,0.8645152
2005-01-30 14:00:00,0.87324136
2005-01-30 15:00:00,0.86554784
2005-01-30 16:00:00,0.8355324
2005-01-30 17:00:00,0.89174706
2005-01-30 18:00:00,0.91190434
2005-01-30 19:00:00,1.0120549
2005-01-30 20:00:00,1.0517659
2005-01-30 21:00:00,1.2958281
2005-01-30 22:00:00,1.523874
2005-01-30 23:00:00,1.2648413
2005-01-31,1.2525226
2005-01-31 01:00:00,1.5178181
2005-01-31 02:00:00,1.4980321
2005-01-31 03:00:00,0.8790605
2005-01-31 03:00:00,0.8790605
2005-01-31 05:00:00,0.49052536
2005-01-31 06:00:00,0.41725853
2005-01-31 07:00:00,0.40480432
2005-01-31 08:00:00,0.5241035
2005-01-31 09:00:00,1.4162414
2005-01-31 09:00:00,1.4162414
2005-01-31 09:00:00,1.4162414
2005-01-31 09:00:00,1.4162414
2005-01-31 09:00:00,1.4162414
2005-01-31 14:00:00,2.5869734
2005-01-31 15:00:00,2.6039004
2005-01-31 16:00:00,2.8332646
2005-01-31 17:00:00,3.046924
2005-01-31 18:00:00,3.8841512
2005-01-31 19:00:00,5.4437585
2005-01-31 20:00:00,6.4105606
2005-01-31 21:00:00,6.2323627
2005-01-31 22:00:00,3.6803453
2005-01-31 23:00:00,2.6891155
2005-02-01,1.5493649
2005-02-01 01:00:00,1.3370965
2005-02-01 02:00:00,1.122346
2005-02-01 03:00:00,1.0412287
2005-02-01 03:00:00,1.0412287
2005-02-01 05:00:00,0.8093333
2005-02-01 06:00:00,0.79692554
2005-02-01 07:00:00,0.9521871
2005-02-01 08:00:00,1.284917
2005-02-01 09:00:00,3.5099792
2005-02-01 10:00:00,4.6002607
2005-02-01 11:00:00,4.175135
2005-02-01 12:00:00,4.2875385
2005-02-01 13:00:00,4.285137
2005-02-01 14:00:00,3.8740795
2005-02-01 15:00:00,4.048898
2005-02-01 16:00:00,3.607744
2005-02-01 17:00:00,3.3422697
2005-02-01 18:00:00,3.5536325
2005-02-01 19:00:00,3.393699
2005-02-01 20:00:00,4.0569243
2005-02-01 21:00:00,3.8987458
2005-02-01 22:00:00,3.577806
2005-02-01 23:00:00,3.0980377
2005-02-02,2.6939101
2005-02-02 01:00:00,2.5892951
2005-02-02 02:00:00,2.524333
2005-02-02 03:00:00,2.8768306
2005-02-02 03:00:00,2.8768306
2005-02-02 05:00:00,2.5286129
2005-02-02 06:00:00,2.0229244
2005-02-02 07:00:00,2.1978235
2005-02-02 08:00:00,2.3021436
2005-02-02 09:00:00,3.8398004
2005-02-02 10:00:00,6.100405
2005-02-02 11:00:00,5.694851
2005-02-02 12:00:00,4.542189
2005-02-02 13:00:00,4.209836
2005-02-02 14:00:00,2.789229
2005-02-02 15:00:00,2.130757
2005-02-02 16:00:00,1.9588186
2005-02-02 17:00:00,1.8665415
2005-02-02 18:00:00,2.642787
2005-02-02 19:00:00,4.4350104
2005-02-02 20:00:00,5.3954444
2005-02-02 21:00:00,5.437306
2005-02-02 22:00:00,4.754307
2005-02-02 23:00:00,2.3881464
2005-02-03,1.5631794
2005-02-03 01:00:00,1.6298386
2005-02-03 02:00:00,1.54469
2005-02-03 03:00:00,1.1837378
2005-02-03 03:00:00,1.1837378
2005-02-03 03:00:00,1.1837378
2005-02-03 03:00:00,1.1837378
2005-02-03 03:00:00,1.1837378
2005-02-03 03:00:00,1.1837378
2005-02-03 09:00:00,2.591164
2005-02-03 10:00:00,5.4313188
2005-02-03 11:00:00,4.492296
2005-02-03 12:00:00,3.6736588
2005-02-03 13:00:00,2.4861038
2005-02-03 14:00:00,2.573292
2005-02-03 15:00:00,2.6878457
2005-02-03 16:00:00,2.1887329
2005-02-03 17:00:00,1.9292592
2005-02-03 18:00:00,2.2850623
2005-02-03 19:00:00,5.857343
2005-02-03 20:00:00,5.5947523
2005-02-03 21:00:00,3.9018075
2005-02-03 22:00:00,2.919303
2005-02-03 23:00:00,2.9101253
2005-02-04,2.149645
2005-02-04 01:00:00,1.3255396
2005-02-04 02:00:00,1.1195809
2005-02-04 03:00:00,0.8414778
2005-02-04 03:00:00,0.8414778
2005-02-04 05:00:00,0.8207865
2005-02-04 06:00:00,0.59564316
2005-02-04 07:00:00,0.5369414
2005-02-04 08:00:00,1.0128927
2005-02-04 09:00:00,4.0762563
2005-02-04 10:00:00,3.9305165
2005-02-04 11:00:00,3.3479774
2005-02-04 12:00:00,3.2256818
2005-02-04 13:00:00,1.5913467
2005-02-04 14:00:00,1.2797742
2005-02-04 15:00:00,1.525445
2005-02-04 16:00:00,1.5299122
2005-02-04 17:00:00,1.3983607
2005-02-04 18:00:00,1.6228096
2005-02-04 19:00:00,2.0049407
2005-02-04 20:00:00,2.7367764
2005-02-04 21:00:00,2.577344
2005-02-04 22:00:00,2.786066
2005-02-04 23:00:00,1.6980137
2005-02-05,1.3085687
2005-02-05 01:00:00,1.4245646
2005-02-05 02:00:00,1.5016978
2005-02-05 03:00:00,1.3145446
2005-02-05 03:00:00,1.3145446
2005-02-05 05:00:00,1.8191533
2005-02-05 06:00:00,1.3988904
2005-02-05 07:00:00,0.92201966
2005-02-05 08:00:00,1.0969092
2005-02-05 09:00:00,2.9341276
2005-02-05 10:00:00,3.9975772
2005-02-05 11:00:00,1.2867893
2005-02-05 12:00:00,1.1180004
2005-02-05 13:00:00,0.9255256
2005-02-05 14:00:00,0.91190434
2005-02-05 15:00:00,1.0120549
2005-02-05 16:00:00,0.8582639
2005-02-05 17:00:00,0.8990923
2005-02-05 18:00:00,0.87324136
2005-02-05 19:00:00,0.86554784
2005-02-05 20:00:00,1.3129606
2005-02-05 21:00:00,1.3647465
2005-02-05 22:00:00,1.3881907
2005-02-05 23:00:00,1.154383
2005-02-06,1.1355618
2005-02-06 01:00:00,1.5710195
2005-02-06 02:00:00,1.4682087
2005-02-06 03:00:00,1.454521
2005-02-06 03:00:00,1.454521
2005-02-06 03:00:00,1.454521
2005-02-06 03:00:00,1.454521
2005-02-06 03:00:00,1.454521
2005-02-06 03:00:00,1.454521
2005-02-06 09:00:00,0.6224895
2005-02-06 10:00:00,0.6891585
2005-02-06 11:00:00,0.9572725
2005-02-06 12:00:00,1.8570645
2005-02-06 13:00:00,1.713726
2005-02-06 14:00:00,1.3180977
2005-02-06 15:00:00,1.0419118
2005-02-06 16:00:00,0.8515027
2005-02-06 17:00:00,0.88051623
2005-02-06 18:00:00,1.1331153
2005-02-06 19:00:00,1.1479833
2005-02-06 20:00:00,1.286563
2005-02-06 21:00:00,1.6555163
2005-02-06 22:00:00,1.4606525
2005-02-06 23:00:00,1.2149525
2005-02-07,1.0480483
2005-02-07 01:00:00,0.99161094
2005-02-07 02:00:00,0.9846019
2005-02-07 03:00:00,0.85873157
2005-02-07 03:00:00,0.85873157
2005-02-07 05:00:00,0.60982925
2005-02-07 06:00:00,0.6057661
2005-02-07 07:00:00,0.6179332
2005-02-07 08:00:00,0.6768782
2005-02-07 09:00:00,2.158169
2005-02-07 10:00:00,2.6457455
2005-02-07 11:00:00,2.216695
2005-02-07 12:00:00,1.6987879
2005-02-07 13:00:00,1.501646
2005-02-07 14:00:00,1.5184032
2005-02-07 15:00:00,1.4189599
2005-02-07 16:00:00,1.3010845
2005-02-07 17:00:00,1.291548
2005-02-07 18:00:00,1.5457109
2005-02-07 20:00:00,2.0950966
2005-02-07 21:00:00,1.995238
2005-02-07 22:00:00,1.6592511
2005-02-07 23:00:00,1.1118895
2005-02-08,0.92948496
2005-02-08 01:00:00,0.86554784
2005-02-08 02:00:00,0.8355324
2005-02-08 03:00:00,0.613847
2005-02-08 03:00:00,0.613847
2005-02-08 05:00:00,0.46451482
2005-02-08 06:00:00,0.50805116
2005-02-08 07:00:00,0.60181975
2005-02-08 08:00:00,0.8192784
2005-02-08 09:00:00,1.9276721
2005-02-08 10:00:00,2.738084
2005-02-08 11:00:00,2.3203268
2005-02-08 12:00:00,1.6405809
2005-02-08 13:00:00,1.6704522
2005-02-08 14:00:00,1.533076
2005-02-08 15:00:00,1.8603774
2005-02-08 16:00:00,1.7688574
2005-02-08 17:00:00,1.540304
2005-02-08 17:00:00,1.540304
2005-02-08 17:00:00,1.540304
2005-02-08 17:00:00,1.540304
2005-02-08 17:00:00,1.540304
2005-02-08 17:00:00,1.540304
2005-02-08 17:00:00,1.540304
2005-02-08 17:00:00,1.540304
2005-02-08 17:00:00,1.540304
2005-02-08 17:00:00,1.540304
2005-02-08 17:00:00,1.540304
2005-02-08 17:00:00,1.540304
2005-02-08 17:00:00,1.540304
2005-02-08 17:00:00,1.540304
2005-02-08 17:00:00,1.540304
2005-02-08 17:00:00,1.540304
2005-02-08 17:00:00,1.540304
2005-02-08 17:00:00,1.540304
2005-02-08 17:00:00,1.540304
2005-02-08 17:00:00,1.540304
2005-02-08 17:00:00,1.540304
2005-02-08 17:00:00,1.540304
2005-02-08 17:00:00,1.540304
2005-02-08 17:00:00,1.540304
2005-02-08 17:00:00,1.540304
2005-02-08 17:00:00,1.540304
2005-02-08 17:00:00,1.540304
2005-02-08 17:00:00,1.540304
2005-02-08 17:00:00,1.540304
2005-02-08 17:00:00,1.540304
2005-02-08 17:00:00,1.540304
2005-02-08 17:00:00,1.540304
2005-02-08 17:00:00,1.540304
2005-02-08 17:00:00,1.540304
2005-02-08 17:00:00,1.540304
2005-02-08 17:00:00,1.540304
2005-02-08 17:00:00,1.540304
2005-02-08 17:00:00,1.540304
2005-02-08 17:00:00,1.540304
2005-02-08 17:00:00,1.540304
2005-02-08 17:00:00,1.540304
2005-02-08 17:00:00,1.540304
2005-02-08 17:00:00,1.540304
2005-02-08 17:00:00,1.540304
2005-02-08 17:00:00,1.540304
2005-02-08 17:00:00,1.540304
2005-02-08 17:00:00,1.540304
2005-02-08 17:00:00,1.540304
2005-02-08 17:00:00,1.540304
2005-02-08 17:00:00,1.540304
2005-02-08 17:00:00,1.540304
2005-02-08 17:00:00,1.540304
2005-02-08 17:00:00,1.540304
2005-02-08 17:00:00,1.540304
2005-02-08 17:00:00,1.540304
2005-02-08 17:00:00,1.540304
2005-02-08 17:00:00,1.540304
2005-02-08 17:00:00,1.540304
2005-02-08 17:00:00,1.540304
2005-02-08 17:00:00,1.540304
2005-02-08 17:00:00,1.540304
2005-02-08 17:00:00,1.540304
2005-02-08 17:00:00,1.540304
2005-02-08 17:00:00,1.540304
2005-02-08 17:00:00,1.540304
2005-02-08 17:00:00,1.540304
2005-02-08 17:00:00,1.540304
2005-02-08 17:00:00,1.540304
2005-02-08 17:00:00,1.540304
2005-02-08 17:00:00,1.540304
2005-02-08 17:00:00,1.540304
2005-02-08 17:00:00,1.540304
2005-02-08 17:00:00,1.540304
2005-02-08 17:00:00,1.540304
2005-02-08 17:00:00,1.540304
2005-02-08 17:00:00,1.540304
2005-02-08 17:00:00,1.540304
2005-02-11 22:00:00,3.8782568
2005-02-11 23:00:00,3.9323366
2005-02-12,3.7135103
2005-02-12 01:00:00,4.105519
2005-02-12 02:00:00,4.2342863
2005-02-12 03:00:00,3.779772
2005-02-12 03:00:00,3.779772
2005-02-12 03:00:00,3.779772
2005-02-12 03:00:00,3.779772
2005-02-12 03:00:00,3.779772
2005-02-12 03:00:00,3.779772
2005-02-12 09:00:00,2.1169114
2005-02-12 10:00:00,2.0996852
2005-02-12 11:00:00,2.5369244
2005-02-12 12:00:00,3.2318835
2005-02-12 13:00:00,3.158868
2005-02-12 14:00:00,3.5044494
2005-02-12 15:00:00,3.6130857
2005-02-12 16:00:00,3.4619408
2005-02-12 17:00:00,3.4991584
2005-02-12 18:00:00,3.5616536
2005-02-12 19:00:00,4.3509045
2005-02-12 20:00:00,4.721829
2005-02-12 21:00:00,5.2684155
2005-02-12 22:00:00,5.3832817
2005-02-12 23:00:00,5.201038
2005-02-13,4.7036285
2005-02-13 01:00:00,4.141419
2005-02-13 02:00:00,4.038968
2005-02-13 03:00:00,3.3817835
2005-02-13 03:00:00,3.3817835
2005-02-13 05:00:00,2.717824
2005-02-13 06:00:00,2.8197827
2005-02-13 07:00:00,2.5563695
2005-02-13 08:00:00,2.5492024
2005-02-13 09:00:00,2.736983
2005-02-13 10:00:00,3.1730852
2005-02-13 11:00:00,3.2080014
2005-02-13 12:00:00,3.3286362
2005-02-13 13:00:00,1.4379948
2005-02-13 14:00:00,1.209897
2005-02-13 15:00:00,1.0949512
2005-02-13 16:00:00,1.3232218
2005-02-13 17:00:00,1.1370927
2005-02-13 18:00:00,0.990371
2005-02-13 19:00:00,2.3782833
2005-02-13 20:00:00,2.2378814
2005-02-13 21:00:00,2.1736202
2005-02-13 22:00:00,1.0596583
2005-02-13 23:00:00,1.0974398
2005-02-14,1.2965056
2005-02-14 01:00:00,1.3656112
2005-02-14 02:00:00,1.4429116
2005-02-14 03:00:00,1.1517544
2005-02-14 03:00:00,1.1517544
2005-02-14 05:00:00,0.60620326
2005-02-14 06:00:00,0.48418826
2005-02-14 07:00:00,0.5425961
2005-02-14 08:00:00,0.68027186
2005-02-14 09:00:00,2.158169
2005-02-14 10:00:00,2.4696486
2005-02-14 11:00:00,1.8059342
2005-02-14 12:00:00,2.3020897
2005-02-14 13:00:00,2.0417223
2005-02-14 14:00:00,1.1888859
2005-02-14 15:00:00,1.1576539
2005-02-14 16:00:00,1.134142
2005-02-14 17:00:00,1.095433
2005-02-14 18:00:00,1.1936911
2005-02-14 19:00:00,1.9055102
2005-02-14 20:00:00,4.280226
2005-02-14 21:00:00,3.5247107
2005-02-14 22:00:00,3.1930757
2005-02-14 23:00:00,1.7365801
2005-02-15,1.5488672
2005-02-15 01:00:00,1.1284103
2005-02-15 02:00:00,0.826097
2005-02-15 03:00:00,0.6650898
2005-02-15 03:00:00,0.6650898
2005-02-15 03:00:00,0.6650898
2005-02-15 03:00:00,0.6650898
2005-02-15 03:00:00,0.6650898
2005-02-15 03:00:00,0.6650898
2005-02-15 09:00:00,1.0168812
2005-02-15 10:00:00,2.000739
2005-02-15 11:00:00,1.6530168
2005-02-15 12:00:00,1.0140432
2005-02-15 13:00:00,1.1229705
2005-02-15 14:00:00,1.2267827
2005-02-15 15:00:00,1.2497735
2005-02-15 16:00:00,1.079942
2005-02-15 17:00:00,1.1931129
2005-02-15 18:00:00,1.3219675
2005-02-15 19:00:00,2.0882118
2005-02-15 20:00:00,2.4753132
2005-02-15 21:00:00,2.92614
2005-02-15 22:00:00,3.0768738
2005-02-15 23:00:00,2.1586573
2005-02-16,2.053465
2005-02-16 01:00:00,1.9515401
2005-02-16 02:00:00,2.3396509
2005-02-16 03:00:00,2.0467255
2005-02-16 03:00:00,2.0467255
2005-02-16 05:00:00,1.1359111
2005-02-16 06:00:00,0.8578001
2005-02-16 07:00:00,0.8522161
2005-02-16 08:00:00,1.2412493
2005-02-16 09:00:00,3.4632154
2005-02-16 10:00:00,3.3573117
2005-02-16 11:00:00,2.1970496
2005-02-16 12:00:00,1.4152546
2005-02-16 13:00:00,1.1057878
2005-02-16 14:00:00,1.2945805
2005-02-16 15:00:00,1.4130685
2005-02-16 16:00:00,1.491674
2005-02-16 17:00:00,1.4667861
2005-02-16 18:00:00,1.4869373
2005-02-16 19:00:00,2.0467043
2005-02-16 20:00:00,3.2488937
2005-02-16 21:00:00,5.173501
2005-02-16 22:00:00,5.051966
2005-02-16 23:00:00,3.3627136
2005-02-17,2.5678666
2005-02-17 01:00:00,2.6258903
2005-02-17 02:00:00,2.5663824
2005-02-17 03:00:00,2.3366535
2005-02-17 03:00:00,2.3366535
2005-02-17 05:00:00,0.7550494
2005-02-17 06:00:00,0.5910475
2005-02-17 07:00:00,0.4989206
2005-02-17 08:00:00,0.7661728
2005-02-17 09:00:00,2.4993196
2005-02-17 10:00:00,2.6380715
2005-02-17 11:00:00,1.9706268
2005-02-17 12:00:00,1.2174157
2005-02-17 13:00:00,1.2990376
2005-02-17 14:00:00,1.2497735
2005-02-17 15:00:00,1.5845441
2005-02-17 16:00:00,1.3886343
2005-02-17 17:00:00,1.3992736
2005-02-17 18:00:00,1.3498275
2005-02-17 19:00:00,1.9058149
2005-02-17 20:00:00,2.5407336
2005-02-17 21:00:00,3.10636
2005-02-17 22:00:00,2.6089158
2005-02-17 23:00:00,2.1418593
2005-02-18,1.2547418
2005-02-18 01:00:00,1.1195809
2005-02-18 02:00:00,1.165254
2005-02-18 03:00:00,1.0769583
2005-02-18 03:00:00,1.0769583
2005-02-18 03:00:00,1.0769583
2005-02-18 03:00:00,1.0769583
2005-02-18 03:00:00,1.0769583
2005-02-18 03:00:00,1.0769583
2005-02-18 09:00:00,1.7148478
2005-02-18 10:00:00,2.3670864
2005-02-18 11:00:00,2.1465704
2005-02-18 12:00:00,1.4496591
2005-02-18 13:00:00,1.3642433
2005-02-18 14:00:00,1.291548
2005-02-18 15:00:00,1.4240326
2005-02-18 16:00:00,1.573192
2005-02-18 17:00:00,1.6560249
2005-02-18 18:00:00,2.2147157
2005-02-18 19:00:00,2.5314908
2005-02-18 20:00:00,3.10636
2005-02-18 21:00:00,4.4921246
2005-02-18 22:00:00,3.413489
2005-02-18 23:00:00,2.6549053
2005-02-19,2.740784
2005-02-19 01:00:00,2.6989627
2005-02-19 02:00:00,2.1667755
2005-02-19 03:00:00,1.5414219
2005-02-19 03:00:00,1.5414219
2005-02-19 05:00:00,0.9649266
2005-02-19 06:00:00,0.8208619
2005-02-19 07:00:00,0.759717
2005-02-19 08:00:00,0.9022878
2005-02-19 09:00:00,1.5854058
2005-02-19 10:00:00,2.2559147
2005-02-19 11:00:00,2.1857345
2005-02-19 12:00:00,2.0594332
2005-02-19 13:00:00,2.2682102
2005-02-19 14:00:00,1.2692738
2005-02-19 15:00:00,1.0706592
2005-02-19 16:00:00,1.0923944
2005-02-19 17:00:00,1.0671121
2005-02-19 18:00:00,1.1936911
2005-02-19 19:00:00,1.5353814
2005-02-19 20:00:00,2.1992838
2005-02-19 21:00:00,2.6149743
2005-02-19 22:00:00,2.987391
2005-02-19 23:00:00,2.8787177
2005-02-20,1.8961679
2005-02-20 01:00:00,1.8877704
2005-02-20 02:00:00,1.6871343
2005-02-20 03:00:00,2.0306523
2005-02-20 03:00:00,2.0306523
2005-02-20 05:00:00,1.540304
2005-02-20 06:00:00,0.92769194
2005-02-20 07:00:00,0.5513817
2005-02-20 08:00:00,0.54335546
2005-02-20 09:00:00,0.5890193
2005-02-20 10:00:00,0.69162583
2005-02-20 11:00:00,0.7761006
2005-02-20 12:00:00,0.930641
2005-02-20 13:00:00,0.9568395
2005-02-20 14:00:00,1.0252945
2005-02-20 15:00:00,0.96767056
2005-02-20 16:00:00,0.99161094
2005-02-20 17:00:00,1.2052327
2005-02-20 18:00:00,1.1519161
2005-02-20 19:00:00,1.1717852
2005-02-20 20:00:00,1.0987198
2005-02-20 21:00:00,1.2945805
2005-02-20 22:00:00,1.3033687
2005-02-20 23:00:00,1.1401566
2005-02-21,1.1728536
2005-02-21 01:00:00,1.2267853
2005-02-21 02:00:00,1.1170233
2005-02-21 03:00:00,0.8578001
2005-02-21 03:00:00,0.8578001
2005-02-21 03:00:00,0.8578001
2005-02-21 03:00:00,0.8578001
2005-02-21 03:00:00,0.8578001
2005-02-21 03:00:00,0.8578001
2005-02-21 09:00:00,1.94845
2005-02-21 10:00:00,2.4985564
2005-02-21 11:00:00,2.7987292
2005-02-21 12:00:00,2.0404022
2005-02-21 13:00:00,1.7019025
2005-02-21 14:00:00,2.0828667
2005-02-21 15:00:00,1.7764904
2005-02-21 16:00:00,1.618178
2005-02-21 17:00:00,1.7468245
2005-02-21 18:00:00,1.9984901
2005-02-21 19:00:00,2.084225
2005-02-21 20:00:00,4.5919995
2005-02-21 21:00:00,5.786784
2005-02-21 22:00:00,2.9157083
2005-02-21 23:00:00,2.2493813
2005-02-22,1.2624851
2005-02-22 01:00:00,0.9353046
2005-02-22 02:00:00,0.7577675
2005-02-22 03:00:00,0.7100793
2005-02-22 03:00:00,0.7100793
2005-02-22 05:00:00,0.4659317
2005-02-22 06:00:00,0.43812415
2005-02-22 07:00:00,0.7122794
2005-02-22 08:00:00,1.2440865
2005-02-22 09:00:00,3.6570957
2005-02-22 10:00:00,5.0896573
2005-02-22 11:00:00,3.8484051
2005-02-22 12:00:00,2.287099
2005-02-22 13:00:00,1.810856
2005-02-22 14:00:00,2.0125813
2005-02-22 15:00:00,2.7176075
2005-02-22 16:00:00,2.282571
2005-02-22 17:00:00,2.4045289
2005-02-22 18:00:00,2.2207625
2005-02-22 19:00:00,2.3316402
2005-02-22 20:00:00,3.3775885
2005-02-22 21:00:00,2.8509688
2005-02-22 22:00:00,2.6463614
2005-02-22 23:00:00,1.5351361
2005-02-23,1.1182641
2005-02-23 01:00:00,1.1860491
2005-02-23 02:00:00,1.0938854
2005-02-23 03:00:00,0.8801567
2005-02-23 03:00:00,0.8801567
2005-02-23 05:00:00,0.60982925
2005-02-23 06:00:00,0.6057661
2005-02-23 07:00:00,0.6179332
2005-02-23 08:00:00,0.6494302
2005-02-23 09:00:00,1.3373127
2005-02-23 10:00:00,1.8172504
2005-02-23 11:00:00,1.5023296
2005-02-23 12:00:00,1.380969
2005-02-23 13:00:00,1.194784
2005-02-23 14:00:00,1.6008028
2005-02-23 15:00:00,2.2285807
2005-02-23 16:00:00,2.246693
2005-02-23 17:00:00,2.2942321
2005-02-23 18:00:00,2.4531143
2005-02-23 19:00:00,2.7662535
2005-02-23 20:00:00,2.6515353
2005-02-23 21:00:00,2.997629
2005-02-23 22:00:00,2.965643
2005-02-23 23:00:00,2.6235359
2005-02-24,1.5399828
2005-02-24 01:00:00,1.4226049
2005-02-24 02:00:00,1.1921431
2005-02-24 03:00:00,0.90520245
2005-02-24 03:00:00,0.90520245
2005-02-24 03:00:00,0.90520245
2005-02-24 03:00:00,0.90520245
2005-02-24 03:00:00,0.90520245
2005-02-24 03:00:00,0.90520245
2005-02-24 09:00:00,2.8751526
2005-02-24 10:00:00,3.6847718
2005-02-24 11:00:00,2.8444016
2005-02-24 12:00:00,1.8835088
2005-02-24 13:00:00,1.4042803
2005-02-24 14:00:00,1.585155
2005-02-24 15:00:00,1.7549983
2005-02-24 16:00:00,2.0816247
2005-02-24 17:00:00,2.7367764
2005-02-24 18:00:00,2.8798769
2005-02-24 19:00:00,3.6725466
2005-02-24 20:00:00,3.9335115
2005-02-24 21:00:00,4.0634365
2005-02-24 22:00:00,3.7538588
2005-02-24 23:00:00,2.4791653
2005-02-25,2.131685
2005-02-25 01:00:00,2.336918
2005-02-25 02:00:00,2.220735
2005-02-25 03:00:00,1.6238755
2005-02-25 03:00:00,1.6238755
2005-02-25 05:00:00,1.0036255
2005-02-25 06:00:00,0.85873157
2005-02-25 07:00:00,0.88051623
2005-02-25 08:00:00,1.1331153
2005-02-25 08:00:00,1.1331153
2005-02-25 08:00:00,1.1331153
2005-02-25 11:00:00,4.455303
2005-02-25 12:00:00,3.299886
2005-02-25 13:00:00,1.9136574
2005-02-25 14:00:00,1.8337646
2005-02-25 15:00:00,2.1144564
2005-02-25 16:00:00,1.8409953
2005-02-25 17:00:00,1.9541402
2005-02-25 18:00:00,2.1323314
2005-02-25 19:00:00,2.5768902
2005-02-25 20:00:00,3.2011156
2005-02-25 21:00:00,3.6955698
2005-02-25 22:00:00,2.52275
2005-02-25 23:00:00,2.5634413
2005-02-26,2.6729326
2005-02-26 01:00:00,2.7089167
2005-02-26 02:00:00,2.159647
2005-02-26 03:00:00,1.9208964
2005-02-26 03:00:00,1.9208964
2005-02-26 05:00:00,1.689874
2005-02-26 06:00:00,1.416771
2005-02-26 07:00:00,1.03063
2005-02-26 08:00:00,0.9255256
2005-02-26 09:00:00,0.91190434
2005-02-26 10:00:00,1.2656345
2005-02-26 11:00:00,1.3810565
2005-02-26 12:00:00,1.3616048
2005-02-26 13:00:00,2.0740979
2005-02-26 14:00:00,2.5407336
2005-02-26 15:00:00,2.82391
2005-02-26 16:00:00,2.5563695
2005-02-26 17:00:00,2.4438093
2005-02-26 18:00:00,2.5722926
2005-02-26 19:00:00,2.7425964
2005-02-26 20:00:00,2.871584
2005-02-26 21:00:00,3.448257
2005-02-26 22:00:00,3.5218747
2005-02-26 23:00:00,3.6604204
2005-02-27,4.0639477
2005-02-27 01:00:00,4.5425386
2005-02-27 02:00:00,4.353398
2005-02-27 03:00:00,3.5806735
2005-02-27 03:00:00,3.5806735
2005-02-27 03:00:00,3.5806735
2005-02-27 03:00:00,3.5806735
2005-02-27 03:00:00,3.5806735
2005-02-27 03:00:00,3.5806735
2005-02-27 09:00:00,1.0160593
2005-02-27 10:00:00,1.1203084
2005-02-27 11:00:00,1.3622634
2005-02-27 12:00:00,1.5118405
2005-02-27 13:00:00,1.444786
2005-02-27 14:00:00,1.586039
2005-02-27 15:00:00,1.1819534
2005-02-27 16:00:00,0.8722285
2005-02-27 17:00:00,0.97625893
2005-02-27 18:00:00,1.0160593
2005-02-27 19:00:00,1.1203084
2005-02-27 20:00:00,1.2958281
2005-02-27 21:00:00,2.3712099
2005-02-27 22:00:00,1.481174
2005-02-27 23:00:00,1.0908933
2005-02-28,1.1599814
2005-02-28 01:00:00,1.3644401
2005-02-28 02:00:00,1.1100527
2005-02-28 03:00:00,0.67033434
2005-02-28 03:00:00,0.67033434
2005-02-28 05:00:00,0.40999314
2005-02-28 06:00:00,0.3509134
2005-02-28 07:00:00,0.3420329
2005-02-28 08:00:00,0.3509134
2005-02-28 09:00:00,0.6329291
2005-02-28 10:00:00,0.9436009
2005-02-28 11:00:00,1.012527
2005-02-28 12:00:00,0.9233183
2005-02-28 13:00:00,0.8093333
2005-02-28 14:00:00,0.89767635
2005-02-28 15:00:00,1.023787
2005-02-28 16:00:00,0.85873157
2005-02-28 17:00:00,0.8297051
2005-02-28 18:00:00,0.8439707
2005-02-28 19:00:00,1.6443421
2005-02-28 20:00:00,2.1435635
2005-02-28 21:00:00,2.3040354
2005-02-28 22:00:00,1.7045548
2005-02-28 23:00:00,1.0260993
2005-03-01,0.69511443
2005-03-01 01:00:00,0.62442887
2005-03-01 02:00:00,0.5875126
2005-03-01 03:00:00,0.4937106
2005-03-01 03:00:00,0.4937106
2005-03-01 05:00:00,0.29852098
2005-03-01 06:00:00,0.3075263
2005-03-01 07:00:00,0.3075263
2005-03-01 08:00:00,0.3902683
2005-03-01 09:00:00,0.990392
2005-03-01 10:00:00,1.7461808
2005-03-01 11:00:00,1.4508376
2005-03-01 12:00:00,0.97204155
2005-03-01 13:00:00,0.7048031
2005-03-01 14:00:00,0.74615115
2005-03-01 15:00:00,0.8986477
2005-03-01 16:00:00,0.8854086
2005-03-01 17:00:00,0.912424
2005-03-01 18:00:00,0.86502826
2005-03-01 19:00:00,1.0732404
2005-03-01 20:00:00,1.9189246
2005-03-01 21:00:00,2.4337077
2005-03-01 22:00:00,2.2863092
2005-03-01 23:00:00,1.1350979
2005-03-02,0.9733923
2005-03-02 01:00:00,0.9003836
2005-03-02 02:00:00,0.8372477
2005-03-02 03:00:00,0.63265914
2005-03-02 03:00:00,0.63265914
2005-03-02 03:00:00,0.63265914
2005-03-02 03:00:00,0.63265914
2005-03-02 03:00:00,0.63265914
2005-03-02 03:00:00,0.63265914
2005-03-02 09:00:00,2.164193
2005-03-02 10:00:00,2.5950115
2005-03-02 11:00:00,2.1300921
2005-03-02 12:00:00,2.11921
2005-03-02 13:00:00,1.5193526
2005-03-02 14:00:00,1.1822679
2005-03-02 15:00:00,1.4890751
2005-03-02 16:00:00,1.4183918
2005-03-02 17:00:00,1.622071
2005-03-02 18:00:00,1.8949177
2005-03-02 19:00:00,3.0329485
2005-03-02 20:00:00,4.65258
2005-03-02 21:00:00,4.85696
2005-03-02 22:00:00,2.8636644
2005-03-02 23:00:00,2.1874278
2005-03-03,1.3473641
2005-03-03 01:00:00,1.3881907
2005-03-03 02:00:00,1.3175646
2005-03-03 03:00:00,1.154383
2005-03-03 03:00:00,1.154383
2005-03-03 05:00:00,0.9289165
2005-03-03 06:00:00,0.91190434
2005-03-03 07:00:00,1.0492349
2005-03-03 08:00:00,1.2365892
2005-03-03 09:00:00,2.9198728
2005-03-03 10:00:00,4.009507
2005-03-03 11:00:00,2.5212612
2005-03-03 12:00:00,1.9067703
2005-03-03 13:00:00,1.5990949
2005-03-03 14:00:00,1.4593514
2005-03-03 15:00:00,1.502717
2005-03-03 16:00:00,1.4352953
2005-03-03 17:00:00,1.5553017
2005-03-03 18:00:00,1.7472193
2005-03-03 19:00:00,3.2997167
2005-03-03 20:00:00,4.7754216
2005-03-03 21:00:00,4.341136
2005-03-03 22:00:00,3.9376783
2005-03-03 23:00:00,2.4072547
2005-03-04,2.0377884
2005-03-04 01:00:00,2.2433307
2005-03-04 02:00:00,2.3097029
2005-03-04 03:00:00,1.7637522
2005-03-04 03:00:00,1.7637522
2005-03-04 05:00:00,0.7051571
2005-03-04 06:00:00,0.6621373
2005-03-04 07:00:00,0.8959145
2005-03-04 08:00:00,1.5881572
2005-03-04 09:00:00,3.6255786
2005-03-04 10:00:00,5.632465
2005-03-04 11:00:00,5.097025
2005-03-04 12:00:00,3.397742
2005-03-04 13:00:00,3.3989618
2005-03-04 14:00:00,3.4088063
2005-03-04 15:00:00,3.4256086
2005-03-04 16:00:00,3.708051
2005-03-04 17:00:00,4.5551715
2005-03-04 18:00:00,4.120759
2005-03-04 19:00:00,3.68597
2005-03-04 20:00:00,3.5867057
2005-03-04 21:00:00,4.463092
2005-03-04 22:00:00,2.9081821
2005-03-04 23:00:00,1.7799789
2005-03-05,1.5677092
2005-03-05 01:00:00,1.9838322
2005-03-05 02:00:00,1.9735281
2005-03-05 03:00:00,1.8173709
2005-03-05 03:00:00,1.8173709
2005-03-05 03:00:00,1.8173709
2005-03-05 03:00:00,1.8173709
2005-03-05 03:00:00,1.8173709
2005-03-05 03:00:00,1.8173709
2005-03-05 09:00:00,0.97993094
2005-03-05 10:00:00,2.0582364
2005-03-05 11:00:00,1.2568297
2005-03-05 12:00:00,1.0106512
2005-03-05 13:00:00,1.2639304
2005-03-05 14:00:00,1.4732661
2005-03-05 15:00:00,2.0467043
2005-03-05 16:00:00,1.5923012
2005-03-05 17:00:00,1.632106
2005-03-05 18:00:00,1.9398069
2005-03-05 19:00:00,1.8240844
2005-03-05 20:00:00,2.3731177
2005-03-05 21:00:00,2.3780365
2005-03-05 22:00:00,3.0650005
2005-03-05 23:00:00,2.3744237
2005-03-06,1.935503
2005-03-06 01:00:00,2.247852
2005-03-06 02:00:00,1.8118424
2005-03-06 03:00:00,1.0384271
2005-03-06 03:00:00,1.0384271
2005-03-06 05:00:00,0.7285609
2005-03-06 06:00:00,0.6324169
2005-03-06 07:00:00,0.5560156
2005-03-06 08:00:00,0.5589909
2005-03-06 09:00:00,0.60181975
2005-03-06 10:00:00,0.6494302
2005-03-06 11:00:00,0.6858834
2005-03-06 12:00:00,0.7761006
2005-03-06 13:00:00,0.930641
2005-03-06 14:00:00,0.92407143
2005-03-06 15:00:00,1.2134064
2005-03-06 16:00:00,2.861601
2005-03-06 17:00:00,1.9447786
2005-03-06 18:00:00,1.5772909
2005-03-06 19:00:00,2.055832
2005-03-06 20:00:00,2.3161085
2005-03-06 21:00:00,2.1629932
2005-03-06 22:00:00,1.6238755
2005-03-06 23:00:00,1.3819122
2005-03-07,1.329435
2005-03-07 01:00:00,1.3175646
2005-03-07 02:00:00,1.1831013
2005-03-07 03:00:00,0.9899313
2005-03-07 03:00:00,0.9899313
2005-03-07 05:00:00,0.53822637
2005-03-07 06:00:00,0.43882483
2005-03-07 07:00:00,0.43812415
2005-03-07 08:00:00,0.5506905
2005-03-07 09:00:00,1.1248574
2005-03-07 10:00:00,1.8140154
2005-03-07 11:00:00,1.6393423
2005-03-07 12:00:00,1.4274411
2005-03-07 13:00:00,1.3010845
2005-03-07 14:00:00,1.2115474
2005-03-07 15:00:00,1.162871
2005-03-07 16:00:00,1.1717852
2005-03-07 17:00:00,1.2497735
2005-03-07 18:00:00,1.5457109
2005-03-07 19:00:00,2.1992838
2005-03-07 20:00:00,3.5548024
2005-03-07 21:00:00,3.8585987
2005-03-07 22:00:00,3.0523717
2005-03-07 23:00:00,1.7387344
2005-03-08,1.5723042
2005-03-08 01:00:00,1.5079637
2005-03-08 02:00:00,1.4934641
2005-03-08 03:00:00,1.2437667
2005-03-08 03:00:00,1.2437667
2005-03-08 03:00:00,1.2437667
2005-03-08 03:00:00,1.2437667
2005-03-08 03:00:00,1.2437667
2005-03-08 03:00:00,1.2437667
2005-03-08 09:00:00,3.3401022
2005-03-08 10:00:00,5.2925844
2005-03-08 11:00:00,4.3906813
2005-03-08 12:00:00,3.0100534
2005-03-08 13:00:00,2.0438824
2005-03-08 14:00:00,1.8955767
2005-03-08 15:00:00,2.001572
2005-03-08 16:00:00,2.139161
2005-03-08 17:00:00,2.3097029
2005-03-08 18:00:00,2.0396745
2005-03-08 19:00:00,2.8414588
2005-03-08 20:00:00,4.5488834
2005-03-08 21:00:00,5.266658
2005-03-08 22:00:00,4.227121
2005-03-08 23:00:00,2.8039327
2005-03-09,1.4179211
2005-03-09 01:00:00,1.2753054
2005-03-09 02:00:00,1.2631019
2005-03-09 03:00:00,1.0852503
2005-03-09 03:00:00,1.0852503
2005-03-09 05:00:00,0.75964695
2005-03-09 06:00:00,0.8241446
2005-03-09 07:00:00,0.8439707
2005-03-09 08:00:00,1.3595102
2005-03-09 09:00:00,4.3068924
2005-03-09 10:00:00,5.6974216
2005-03-09 11:00:00,4.206914
2005-03-09 12:00:00,3.3852057
2005-03-09 13:00:00,2.536286
2005-03-09 14:00:00,2.260699
2005-03-09 15:00:00,2.1669807
2005-03-09 16:00:00,1.8833047
2005-03-09 17:00:00,1.761308
2005-03-09 18:00:00,1.7647824
2005-03-09 19:00:00,3.2997167
2005-03-09 20:00:00,4.674708
2005-03-09 21:00:00,5.486667
2005-03-09 22:00:00,5.47352
2005-03-09 23:00:00,2.4368045
2005-03-10,1.8857319
2005-03-10 01:00:00,1.6625887
2005-03-10 02:00:00,1.4346871
2005-03-10 03:00:00,1.1225256
2005-03-10 03:00:00,1.1225256
2005-03-10 05:00:00,0.96767056
2005-03-10 06:00:00,0.85873157
2005-03-10 07:00:00,0.8297051
2005-03-10 08:00:00,1.0529697
2005-03-10 09:00:00,4.0961533
2005-03-10 10:00:00,3.9305165
2005-03-10 11:00:00,3.6794817
2005-03-10 12:00:00,2.906212
2005-03-10 13:00:00,2.41404
2005-03-10 13:00:00,2.41404
2005-03-10 15:00:00,2.12472
2005-03-10 16:00:00,2.1565926
2005-03-10 17:00:00,1.8409953
2005-03-10 18:00:00,1.8927826
2005-03-10 19:00:00,2.4773169
2005-03-10 20:00:00,4.455215
2005-03-10 21:00:00,4.8269
2005-03-10 22:00:00,4.629662
2005-03-10 23:00:00,2.632179
2005-03-11,1.5109295
2005-03-11 01:00:00,1.3805066
2005-03-11 02:00:00,1.3175646
2005-03-11 03:00:00,1.0399288
2005-03-11 04:00:00,0.851255
2005-03-11 04:00:00,0.851255
2005-03-11 04:00:00,0.851255
2005-03-11 04:00:00,0.851255
2005-03-11 04:00:00,0.851255
2005-03-11 09:00:00,0.9473567
2005-03-11 10:00:00,3.6119204
2005-03-11 11:00:00,3.328291
2005-03-11 11:00:00,3.328291
2005-03-11 13:00:00,1.143619
2005-03-11 14:00:00,1.2086499
2005-03-11 15:00:00,1.9219236
2005-03-11 16:00:00,1.7916976
2005-03-11 17:00:00,1.2191662
2005-03-11 18:00:00,1.2525226
2005-03-11 19:00:00,1.2872683
2005-03-11 20:00:00,2.9970984
2005-03-11 21:00:00,3.8068314
2005-03-11 22:00:00,3.1489384
2005-03-11 23:00:00,0.9950361
2005-03-12,0.7667642
2005-03-12 01:00:00,0.7329633
2005-03-12 02:00:00,0.68132704
2005-03-12 03:00:00,0.51520467
2005-03-12 04:00:00,0.36487916
2005-03-12 04:00:00,0.36487916
2005-03-12 04:00:00,0.36487916
2005-03-12 04:00:00,0.36487916
2005-03-12 04:00:00,0.36487916
2005-03-12 04:00:00,0.36487916
2005-03-12 04:00:00,0.36487916
2005-03-12 04:00:00,0.36487916
2005-03-12 12:00:00,0.5637795
2005-03-12 13:00:00,0.6494302
2005-03-12 14:00:00,0.45021653
2005-03-12 15:00:00,0.45087343
2005-03-12 16:00:00,0.3991488
2005-03-12 17:00:00,0.3600658
2005-03-12 18:00:00,0.5081565
2005-03-12 19:00:00,0.75428504
2005-03-12 20:00:00,0.8329537
2005-03-12 21:00:00,2.0549192
2005-03-12 22:00:00,3.2877312
2005-03-12 23:00:00,1.0036079
2005-03-13,0.7884899
2005-03-13 01:00:00,0.32659695
2005-03-13 02:00:00,0.3075263
2005-03-13 03:00:00,0.3075263
2005-03-13 03:00:00,0.3075263
2005-03-13 03:00:00,0.3075263
2005-03-13 03:00:00,0.3075263
2005-03-13 03:00:00,0.3075263
2005-03-13 03:00:00,0.3075263
2005-03-13 03:00:00,0.3075263
2005-03-13 03:00:00,0.3075263
2005-03-13 03:00:00,0.3075263
2005-03-13 03:00:00,0.3075263
2005-03-13 13:00:00,1.3480885
2005-03-13 14:00:00,1.370679
2005-03-13 15:00:00,0.61314464
2005-03-13 16:00:00,0.43481582
2005-03-13 17:00:00,0.29852098
2005-03-13 18:00:00,0.36806348
2005-03-13 19:00:00,0.5841475
2005-03-13 20:00:00,3.0679533
2005-03-13 21:00:00,3.0055559
2005-03-13 22:00:00,1.1126201
2005-03-13 23:00:00,0.9838357
2005-03-14,0.86554784
2005-03-14 01:00:00,0.6194517
2005-03-14 02:00:00,0.5105375
2005-03-14 03:00:00,0.36487916
2005-03-14 04:00:00,0.34275278
2005-03-14 04:00:00,0.34275278
2005-03-14 04:00:00,0.34275278
2005-03-14 04:00:00,0.34275278
2005-03-14 04:00:00,0.34275278
2005-03-14 09:00:00,3.379962
2005-03-14 10:00:00,4.167902
2005-03-14 11:00:00,3.5075445
2005-03-14 12:00:00,1.8269632
2005-03-14 13:00:00,1.4127889
2005-03-14 14:00:00,1.4443628
2005-03-14 15:00:00,1.5342485
2005-03-14 16:00:00,1.5195097
2005-03-14 17:00:00,2.1093416
2005-03-14 18:00:00,3.1245618
2005-03-14 19:00:00,5.1217866
2005-03-14 20:00:00,6.0356135
2005-03-14 21:00:00,5.9417877
2005-03-14 22:00:00,3.8281562
2005-03-14 23:00:00,2.6890442
2005-03-15,1.5819359
2005-03-15 01:00:00,1.5143486
2005-03-15 02:00:00,0.7447465
2005-03-15 03:00:00,0.59825796
2005-03-15 04:00:00,0.6224895
2005-03-15 05:00:00,0.5681828
2005-03-15 06:00:00,0.48066413
2005-03-15 07:00:00,0.49995667
2005-03-15 08:00:00,0.73540443
2005-03-15 09:00:00,2.5045533
2005-03-15 10:00:00,3.2239163
2005-03-15 11:00:00,3.7557657
2005-03-15 12:00:00,3.3469415
2005-03-15 13:00:00,2.3406847
2005-03-15 14:00:00,2.0057132
2005-03-15 15:00:00,2.163157
2005-03-15 16:00:00,1.9201574
2005-03-15 17:00:00,2.3569868
2005-03-15 18:00:00,2.7172086
2005-03-15 19:00:00,3.668432
2005-03-15 20:00:00,5.69706
2005-03-15 21:00:00,6.475761
2005-03-15 22:00:00,5.784095
2005-03-15 23:00:00,3.2030442
2005-03-16,1.8584471
2005-03-16 01:00:00,1.3729366
2005-03-16 02:00:00,1.1401566
2005-03-16 03:00:00,0.97400355
2005-03-16 04:00:00,0.7498232
2005-03-16 05:00:00,0.62442887
2005-03-16 06:00:00,0.5875126
2005-03-16 07:00:00,0.6768782
2005-03-16 08:00:00,0.8632729
2005-03-16 09:00:00,1.7525231
2005-03-16 10:00:00,4.1032186
2005-03-16 11:00:00,4.1459365
2005-03-16 12:00:00,3.462889
2005-03-16 13:00:00,2.9352036
2005-03-16 14:00:00,2.5208871
2005-03-16 15:00:00,2.4406846
2005-03-16 16:00:00,2.6867304
2005-03-16 17:00:00,2.9499655
2005-03-16 18:00:00,3.4347253
2005-03-16 19:00:00,3.5136929
2005-03-16 20:00:00,4.571167
2005-03-16 21:00:00,4.179994
2005-03-16 22:00:00,4.4942436
2005-03-16 23:00:00,3.1919835
2005-03-17,2.430432
2005-03-17 01:00:00,1.5997207
2005-03-17 02:00:00,1.2267402
2005-03-17 03:00:00,0.95684946
2005-03-17 04:00:00,0.7306152
2005-03-17 04:00:00,0.7306152
2005-03-17 04:00:00,0.7306152
2005-03-17 04:00:00,0.7306152
2005-03-17 04:00:00,0.7306152
2005-03-17 09:00:00,3.910656
2005-03-17 10:00:00,5.38744
2005-03-17 11:00:00,4.674728
2005-03-17 12:00:00,3.0227726
2005-03-17 13:00:00,2.313908
2005-03-17 14:00:00,2.0426013
2005-03-17 15:00:00,2.1985345
2005-03-17 16:00:00,2.0783744
2005-03-17 17:00:00,2.163157
2005-03-17 18:00:00,1.9201574
2005-03-17 19:00:00,2.4870386
2005-03-17 20:00:00,3.6556988
2005-03-17 21:00:00,4.8711557
2005-03-17 22:00:00,5.0449424
2005-03-17 23:00:00,2.5975564
2005-03-18,2.038246
2005-03-18 01:00:00,1.49214
2005-03-18 02:00:00,1.380969
2005-03-18 03:00:00,1.122346
2005-03-18 04:00:00,0.93393564
2005-03-18 05:00:00,0.8881113
2005-03-18 06:00:00,0.73332924
2005-03-18 07:00:00,0.74615115
2005-03-18 08:00:00,0.9672242
2005-03-18 09:00:00,2.6723642
2005-03-18 10:00:00,5.35308
2005-03-18 11:00:00,4.109964
2005-03-18 12:00:00,3.1818519
2005-03-18 13:00:00,2.5458193
2005-03-18 14:00:00,2.244192
2005-03-18 15:00:00,2.209905
2005-03-18 16:00:00,2.2345657
2005-03-18 17:00:00,3.136625
2005-03-18 18:00:00,3.541364
2005-03-18 19:00:00,4.019699
2005-03-18 20:00:00,4.884862
2005-03-18 21:00:00,4.946828
2005-03-18 22:00:00,5.136608
2005-03-18 23:00:00,2.5380013
2005-03-19,1.8886458
2005-03-19 01:00:00,2.14739
2005-03-19 02:00:00,1.894155
2005-03-19 03:00:00,1.208015
2005-03-19 04:00:00,0.91669905
2005-03-19 05:00:00,0.90352416
2005-03-19 06:00:00,0.86554784
2005-03-19 07:00:00,0.73332924
2005-03-19 08:00:00,0.7947159
2005-03-19 09:00:00,1.8545215
2005-03-19 10:00:00,2.4214036
2005-03-19 11:00:00,2.4362478
2005-03-19 12:00:00,2.4148135
2005-03-19 13:00:00,2.227306
2005-03-19 14:00:00,2.102027
2005-03-19 15:00:00,1.8644722
2005-03-19 16:00:00,1.5938075
2005-03-19 17:00:00,1.7944129
2005-03-19 18:00:00,1.7169774
2005-03-19 19:00:00,1.7825816
2005-03-19 20:00:00,2.4600134
2005-03-19 21:00:00,2.9221187
2005-03-19 22:00:00,3.269282
2005-03-19 23:00:00,2.3440812
2005-03-20,1.8724421
2005-03-20 01:00:00,1.8521146
2005-03-20 02:00:00,1.8163667
2005-03-20 03:00:00,1.5847346
2005-03-20 04:00:00,1.1842904
2005-03-20 04:00:00,1.1842904
2005-03-20 04:00:00,1.1842904
2005-03-20 04:00:00,1.1842904
2005-03-20 04:00:00,1.1842904
2005-03-20 09:00:00,0.6737163
2005-03-20 10:00:00,0.8506727
2005-03-20 11:00:00,1.3231971
2005-03-20 12:00:00,2.0954032
2005-03-20 13:00:00,1.7750231
2005-03-20 14:00:00,1.1712418
2005-03-20 15:00:00,0.95684946
2005-03-20 16:00:00,0.87389296
2005-03-20 17:00:00,0.93862313
2005-03-20 18:00:00,1.1967537
2005-03-20 19:00:00,1.5353814
2005-03-20 20:00:00,2.6008651
2005-03-20 21:00:00,3.7472446
2005-03-20 22:00:00,3.873152
2005-03-20 23:00:00,2.0073721
2005-03-21,1.4594539
2005-03-21 01:00:00,1.4477137
2005-03-21 02:00:00,1.491674
2005-03-21 03:00:00,1.1921431
2005-03-21 04:00:00,0.8920585
2005-03-21 05:00:00,0.70914215
2005-03-21 06:00:00,0.6324169
2005-03-21 07:00:00,0.6224895
2005-03-21 08:00:00,0.9343157
2005-03-21 09:00:00,3.2086153
2005-03-21 10:00:00,5.8616147
2005-03-21 11:00:00,4.6639347
2005-03-21 12:00:00,2.8354692
2005-03-21 13:00:00,1.9742099
2005-03-21 14:00:00,1.8045249
2005-03-21 15:00:00,2.053787
2005-03-21 16:00:00,2.0286646
2005-03-21 17:00:00,2.002717
2005-03-21 18:00:00,2.4837747
2005-03-21 19:00:00,4.3955364
2005-03-21 20:00:00,5.7261686
2005-03-21 21:00:00,5.662129
2005-03-21 22:00:00,3.991717
2005-03-21 23:00:00,2.5895038
2005-03-22,1.2429014
2005-03-22 01:00:00,1.217367
2005-03-22 02:00:00,1.3127375
2005-03-22 03:00:00,1.0167614
2005-03-22 04:00:00,0.67237484
2005-03-22 05:00:00,0.558303
2005-03-22 06:00:00,0.5560156
2005-03-22 07:00:00,0.66913414
2005-03-22 08:00:00,0.80148053
2005-03-22 09:00:00,1.9705467
2005-03-22 10:00:00,4.5668874
2005-03-22 11:00:00,4.3783236
2005-03-22 12:00:00,3.4001486
2005-03-22 13:00:00,2.844571
2005-03-22 14:00:00,2.411262
2005-03-22 15:00:00,2.4406846
2005-03-22 16:00:00,2.065764
2005-03-22 17:00:00,1.7149589
2005-03-22 18:00:00,1.6882226
2005-03-22 19:00:00,2.906982
2005-03-22 20:00:00,4.2719593
2005-03-22 21:00:00,5.2826285
2005-03-22 22:00:00,4.795077
2005-03-22 23:00:00,3.0765233
2005-03-23,2.822545
2005-03-23 01:00:00,2.7424457
2005-03-23 02:00:00,2.4266856
2005-03-23 03:00:00,2.1720204
2005-03-23 04:00:00,2.020969
2005-03-23 04:00:00,2.020969
2005-03-23 04:00:00,2.020969
2005-03-23 04:00:00,2.020969
2005-03-23 04:00:00,2.020969
2005-03-23 09:00:00,4.060953
2005-03-23 10:00:00,4.7934546
2005-03-23 11:00:00,4.564444
2005-03-23 12:00:00,3.4502559
2005-03-23 13:00:00,2.3064964
2005-03-23 14:00:00,1.9168911
2005-03-23 15:00:00,2.281725
2005-03-23 16:00:00,2.246693
2005-03-23 17:00:00,2.1235242
2005-03-23 18:00:00,2.3866515
2005-03-23 19:00:00,3.7759528
2005-03-23 20:00:00,5.752983
2005-03-23 21:00:00,6.590155
2005-03-23 22:00:00,4.0694723
2005-03-23 23:00:00,2.8764157
2005-03-24,2.2215009
2005-03-24 01:00:00,1.9476303
2005-03-24 02:00:00,1.7170664
2005-03-24 03:00:00,0.99080175
2005-03-24 04:00:00,0.69421536
2005-03-24 05:00:00,0.558303
2005-03-24 06:00:00,0.48418826
2005-03-24 07:00:00,0.41725853
2005-03-24 08:00:00,0.5241035
2005-03-24 09:00:00,2.9219542
2005-03-24 10:00:00,3.3339713
2005-03-24 11:00:00,3.4409657
2005-03-24 12:00:00,3.2470505
2005-03-24 13:00:00,3.2258642
2005-03-24 14:00:00,3.4013112
2005-03-24 15:00:00,3.0943978
2005-03-24 16:00:00,2.1614196
2005-03-24 17:00:00,2.2986345
2005-03-24 18:00:00,2.1604896
2005-03-24 19:00:00,2.562457
2005-03-24 20:00:00,5.492524
2005-03-24 21:00:00,6.8787007
2005-03-24 22:00:00,5.415302
2005-03-24 23:00:00,3.7436092
2005-03-25,2.9473522
2005-03-25 01:00:00,2.0460553
2005-03-25 02:00:00,1.5210795
2005-03-25 03:00:00,1.0663602
2005-03-25 04:00:00,1.027908
2005-03-25 05:00:00,0.8870317
2005-03-25 06:00:00,0.8093333
2005-03-25 07:00:00,0.63265914
2005-03-25 08:00:00,0.775381
2005-03-25 09:00:00,3.1179707
2005-03-25 10:00:00,3.9743667
2005-03-25 11:00:00,2.8743298
2005-03-25 12:00:00,1.7621222
2005-03-25 13:00:00,1.3294797
2005-03-25 14:00:00,1.9147211
2005-03-25 15:00:00,2.0849285
2005-03-25 16:00:00,1.5497797
2005-03-25 17:00:00,2.6666026
2005-03-25 18:00:00,3.8292391
2005-03-25 19:00:00,4.492467
2005-03-25 20:00:00,5.250342
2005-03-25 21:00:00,5.387612
2005-03-25 22:00:00,4.32218
2005-03-25 23:00:00,3.212663
2005-03-26,2.1080658
2005-03-26 01:00:00,2.2528813
2005-03-26 02:00:00,2.2489438
2005-03-26 03:00:00,1.5801374
2005-03-26 04:00:00,1.206405
2005-03-26 04:00:00,1.206405
2005-03-26 04:00:00,1.206405
2005-03-26 04:00:00,1.206405
2005-03-26 04:00:00,1.206405
2005-03-26 09:00:00,1.409137
2005-03-26 10:00:00,1.8984901
2005-03-26 11:00:00,2.1872935
2005-03-26 12:00:00,2.1269484
2005-03-26 13:00:00,1.8950636
2005-03-26 14:00:00,1.6896226
2005-03-26 15:00:00,1.3853331
2005-03-26 16:00:00,1.295007
2005-03-26 17:00:00,1.4207813
2005-03-26 18:00:00,1.9929245
2005-03-26 19:00:00,2.0945003
2005-03-26 20:00:00,2.2524064
2005-03-26 21:00:00,1.9663594
2005-03-26 22:00:00,2.2207372
2005-03-26 23:00:00,2.1604896
2005-03-27,1.6694239
2005-03-27 01:00:00,1.5765417
2005-03-27 02:00:00,1.313051
2005-03-27 03:00:00,1.0818099
2005-03-27 04:00:00,0.96021086
2005-03-27 05:00:00,0.92783654
2005-03-27 06:00:00,0.8401555
2005-03-27 07:00:00,0.718451
2005-03-27 08:00:00,0.8369387
2005-03-27 09:00:00,1.1124833
2005-03-27 10:00:00,1.0063087
2005-03-27 11:00:00,1.1936911
2005-03-27 12:00:00,1.1782082
2005-03-27 13:00:00,1.3460107
2005-03-27 14:00:00,1.3111485
2005-03-27 15:00:00,0.87149477
2005-03-27 16:00:00,0.80580455
2005-03-27 17:00:00,1.1273768
2005-03-27 18:00:00,1.622936
2005-03-27 19:00:00,1.5719242
2005-03-27 20:00:00,1.6728375
2005-03-27 21:00:00,1.8786699
2005-03-27 22:00:00,1.8853703
2005-03-27 23:00:00,1.6896226
2005-03-28,1.7647824
2005-03-28 01:00:00,1.6057107
2005-03-28 02:00:00,1.3192551
2005-03-28 03:00:00,1.0189272
2005-03-28 04:00:00,0.96805006
2005-03-28 05:00:00,0.8401555
2005-03-28 06:00:00,0.6650898
2005-03-28 07:00:00,0.60982925
2005-03-28 08:00:00,0.8071112
2005-03-28 09:00:00,0.89083827
2005-03-28 10:00:00,1.0751933
2005-03-28 11:00:00,1.2965056
2005-03-28 12:00:00,1.5115592
2005-03-28 13:00:00,1.3680788
2005-03-28 14:00:00,1.3881907
2005-03-28 15:00:00,1.1831013
2005-03-28 16:00:00,1.1963387
2005-03-28 17:00:00,1.2497735
2005-03-28 18:00:00,1.4240326
2005-03-28 19:00:00,2.55569
2005-03-28 20:00:00,3.4963052
2005-03-28 21:00:00,3.1359396
2005-03-28 22:00:00,1.8862922
2005-03-28 23:00:00,1.5781403
2005-03-29,1.6374502
2005-03-29 01:00:00,1.4721985
2005-03-29 02:00:00,1.130204
2005-03-29 03:00:00,0.79812044
2005-03-29 04:00:00,0.6096117
2005-03-29 04:00:00,0.6096117
2005-03-29 04:00:00,0.6096117
2005-03-29 04:00:00,0.6096117
2005-03-29 04:00:00,0.6096117
2005-03-29 09:00:00,4.9079847
2005-03-29 10:00:00,4.215791
2005-03-29 11:00:00,3.413785
2005-03-29 12:00:00,2.5566034
2005-03-29 13:00:00,2.367646
2005-03-29 14:00:00,2.410111
2005-03-29 15:00:00,2.305083
2005-03-29 16:00:00,2.610119
2005-03-29 17:00:00,2.6729326
2005-03-29 18:00:00,3.174507
2005-03-29 19:00:00,3.552531
2005-03-29 20:00:00,2.913378
2005-03-29 21:00:00,3.0020661
2005-03-29 22:00:00,2.5264804
2005-03-29 23:00:00,1.4432597
2005-03-30,1.0888139
2005-03-30 01:00:00,1.1355618
2005-03-30 02:00:00,0.93874854
2005-03-30 03:00:00,0.7306152
2005-03-30 04:00:00,0.558303
2005-03-30 05:00:00,0.48418826
2005-03-30 06:00:00,0.46451482
2005-03-30 07:00:00,0.5991246
2005-03-30 08:00:00,2.1532152
2005-03-30 09:00:00,2.7157893
2005-03-30 10:00:00,2.9489965
2005-03-30 11:00:00,2.838989
2005-03-30 12:00:00,1.8284239
2005-03-30 13:00:00,1.8422937
2005-03-30 14:00:00,1.7468008
2005-03-30 15:00:00,1.7520614
2005-03-30 16:00:00,1.7476326
2005-03-30 17:00:00,1.708222
2005-03-30 18:00:00,2.7027254
2005-03-30 19:00:00,3.39454
2005-03-30 20:00:00,3.9546762
2005-03-30 21:00:00,3.6146593
2005-03-30 22:00:00,2.2435586
2005-03-30 23:00:00,1.4958173
2005-03-31,1.472304
2005-03-31 01:00:00,1.2204355
2005-03-31 02:00:00,1.0949512
2005-03-31 03:00:00,0.78852355
2005-03-31 04:00:00,0.67254245
2005-03-31 05:00:00,0.5560156
2005-03-31 06:00:00,0.5589909
2005-03-31 07:00:00,0.7065424
2005-03-31 08:00:00,3.9645205
2005-03-31 09:00:00,4.275006
2005-03-31 10:00:00,2.0565555
2005-03-31 11:00:00,1.3900133
2005-03-31 12:00:00,1.231691
2005-03-31 13:00:00,1.1468021
2005-03-31 14:00:00,1.1101685
2005-03-31 15:00:00,0.937971
2005-03-31 16:00:00,0.929203
2005-03-31 17:00:00,0.94467235
2005-03-31 18:00:00,1.2785162
2005-03-31 19:00:00,1.7650425
2005-03-31 20:00:00,2.0164483
2005-03-31 21:00:00,1.5559525
2005-03-31 22:00:00,1.0401063
2005-03-31 23:00:00,0.79812044
2005-04-01,0.75964695
2005-04-01 01:00:00,0.7100793
2005-04-01 02:00:00,0.6324169
2005-04-01 03:00:00,0.5560156
2005-04-01 04:00:00,0.51108795
2005-04-01 04:00:00,0.51108795
2005-04-01 04:00:00,0.51108795
2005-04-01 04:00:00,0.51108795
2005-04-01 04:00:00,0.51108795
2005-04-01 09:00:00,1.7252342
2005-04-01 10:00:00,1.3859816
2005-04-01 11:00:00,1.0336621
2005-04-01 12:00:00,0.96021086
2005-04-01 13:00:00,1.0120549
2005-04-01 14:00:00,1.2052327
2005-04-01 15:00:00,1.0918044
2005-04-01 16:00:00,1.0604297
2005-04-01 17:00:00,1.2366757
2005-04-01 18:00:00,1.311231
2005-04-01 19:00:00,1.4601831
2005-04-01 20:00:00,2.0467043
2005-04-01 21:00:00,1.4164717
2005-04-01 22:00:00,1.0058913
2005-04-01 23:00:00,0.82229143
2005-04-02,0.89767635
2005-04-02 01:00:00,1.2627606
2005-04-02 02:00:00,1.1292512
2005-04-02 03:00:00,0.6901119
2005-04-02 04:00:00,0.58489466
2005-04-02 05:00:00,0.48066413
2005-04-02 06:00:00,0.41725853
2005-04-02 07:00:00,0.46541902
2005-04-02 08:00:00,0.73540443
2005-04-02 09:00:00,0.87235636
2005-04-02 10:00:00,0.7917102
2005-04-02 11:00:00,0.8508525
2005-04-02 12:00:00,0.81679684
2005-04-02 13:00:00,0.75964695
2005-04-02 14:00:00,0.85234797
2005-04-02 15:00:00,0.81679684
2005-04-02 16:00:00,0.75964695
2005-04-02 17:00:00,0.8241446
2005-04-02 18:00:00,0.9521871
2005-04-02 19:00:00,1.0160593
2005-04-02 20:00:00,1.1203084
2005-04-02 21:00:00,1.0953737
2005-04-02 22:00:00,0.888668
2005-04-02 23:00:00,0.70914215
2005-04-03,0.70184904
2005-04-03 01:00:00,0.74642366
2005-04-03 02:00:00,0.76316607
2005-04-03 03:00:00,0.7222465
2005-04-03 04:00:00,0.732019
2005-04-03 05:00:00,0.60100687
2005-04-03 06:00:00,0.47097588
2005-04-03 07:00:00,0.38393876
2005-04-03 08:00:00,0.45959577
2005-04-03 09:00:00,0.6129575
2005-04-03 10:00:00,0.898294
2005-04-03 11:00:00,1.199182
2005-04-03 12:00:00,1.2146106
2005-04-03 13:00:00,1.291548
2005-04-03 14:00:00,1.079942
2005-04-03 15:00:00,1.0114672
2005-04-03 16:00:00,1.0120549
2005-04-03 17:00:00,1.2052327
2005-04-03 18:00:00,1.2267853
2005-04-03 19:00:00,1.2028755
2005-04-03 20:00:00,2.2865365
2005-04-03 21:00:00,2.3222249
2005-04-03 22:00:00,1.5045037
2005-04-03 23:00:00,1.4827229
2005-04-04,1.2385433
2005-04-04 01:00:00,0.95684946
2005-04-04 02:00:00,0.6478443
2005-04-04 03:00:00,0.54472065
2005-04-04 04:00:00,0.48066413
2005-04-04 04:00:00,0.48066413
2005-04-04 04:00:00,0.48066413
2005-04-04 04:00:00,0.48066413
2005-04-04 04:00:00,0.48066413
2005-04-04 09:00:00,4.7232575
2005-04-04 10:00:00,4.2553697
2005-04-04 11:00:00,3.2573206
2005-04-04 12:00:00,2.618436
2005-04-04 13:00:00,2.4241896
2005-04-04 14:00:00,2.0791903
2005-04-04 15:00:00,2.1646113
